YouTube,YouTube,http://dbpedia.org/resource/YouTube,1.0
Debut,Destiny's Child,http://dbpedia.org/resource/Destiny's_Child,0.6799999999999999
Talend,Talend,http://dbpedia.org/resource/Talend,1.0
Oracle,Oracle Hyperion,http://dbpedia.org/resource/Oracle_Hyperion,0.88
Microsoft,Microsoft,http://dbpedia.org/resource/Microsoft,1.0
Teradata,Teradata,http://dbpedia.org/resource/Teradata,1.0
LinkedIn Corporation,LinkedIn,http://dbpedia.org/resource/LinkedIn,0.88
Benjamin Le,,,0
Recommender Systems,,,0
Modern Recommender Systems,,,0
Twitter,Twitter,http://dbpedia.org/resource/Twitter,1.0
Youtube,YouTube,http://dbpedia.org/resource/YouTube,0.9333333333333333
Tumblr,Tumblr,http://dbpedia.org/resource/Tumblr,1.0
Facebook,"Facebook, Inc.","http://dbpedia.org/resource/Facebook,_Inc.",0.9142857142857141
Pentaho,,,0
Big Data Technology,,,0
eBay,EBay,http://dbpedia.org/resource/EBay,0.8333333333333333
PAYPAL,PayPal,http://dbpedia.org/resource/PayPal,0.5999999999999999
Kyligence,,,0
Twitter,Twitter,http://dbpedia.org/resource/Twitter,1.0
Instagram,Instagram,http://dbpedia.org/resource/Instagram,1.0
Facebook,"Facebook, Inc.","http://dbpedia.org/resource/Facebook,_Inc.",0.9142857142857141
Microsoft,Microsoft,http://dbpedia.org/resource/Microsoft,1.0
Recommender Systems,,,0
Stanford University,Stanford University,http://dbpedia.org/resource/Stanford_University,1.0
Recommender Systems,,,0
Internal Revenue Service,Internal Revenue Service,http://dbpedia.org/resource/Internal_Revenue_Service,1.0
Performance Advertising GmbH,,,0
Interactive Business Intelligence,,,0
OLAP,,,0
SQL Server Data Warehouse Tool Data Academy,,,0
Panasonic,Pan Sonic,http://dbpedia.org/resource/Pan_Sonic,0.8962962962962963
Amazon,Amazon.com,http://dbpedia.org/resource/Amazon.com,0.92
IBM,IBM,http://dbpedia.org/resource/IBM,1.0
Østfold University College,Østfold University College,http://dbpedia.org/resource/%C3%98stfold_University_College,1.0
University of Bolton,University of Bolton,http://dbpedia.org/resource/University_of_Bolton,1.0
University of Salamanca,University of Salamanca,http://dbpedia.org/resource/University_of_Salamanca,1.0
Steering Committee,International World Wide Web Conferences Steering Committee,http://dbpedia.org/resource/International_World_Wide_Web_Conferences_Steering_Committee,0.5526410187427137
Organizing Committee,London Organising Committee of the Olympic Games and Paralympic Games,http://dbpedia.org/resource/London_Organising_Committee_of_the_Olympic_Games_and_Paralympic_Games,0.6365242817187897
Technological University of Madrid,,,0
University of Minnesota,University of Minnesota,http://dbpedia.org/resource/University_of_Minnesota,1.0
Recommender Systems,,,0
Universidad Rafael Landívar,,,0
CSS,CSS (band),http://dbpedia.org/resource/CSS_(band),0.8366666666666667
University of Freiburg,University of Freiburg,http://dbpedia.org/resource/University_of_Freiburg,1.0
Siemens,Siemens,http://dbpedia.org/resource/Siemens,1.0
smart business,SMART Business Advisory and Consulting,http://dbpedia.org/resource/SMART_Business_Advisory_and_Consulting,0.5258145363408522
pcubed,Pcubed,http://dbpedia.org/resource/Pcubed,0.888888888888889
Data Visualization SQL Server Training - Purple Frog Systems,,,0
R2 Business Intelligence,,,0
Microsoft Analysis Services,,,0
First Data,First Data,http://dbpedia.org/resource/First_Data,1.0
Server Analysis Services,,,0
Netflix,Netflix,http://dbpedia.org/resource/Netflix,1.0
Spotify,Spotify,http://dbpedia.org/resource/Spotify,1.0
Amazon,Amazon.com,http://dbpedia.org/resource/Amazon.com,0.92
Google,Google,http://dbpedia.org/resource/Google,1.0
YouTube,YouTube,http://dbpedia.org/resource/YouTube,1.0
Facebook,"Facebook, Inc.","http://dbpedia.org/resource/Facebook,_Inc.",0.9142857142857141
Recommender Systems,,,0
Teradata Partners,,,0
The Teradata PARTNERS,,,0
university of science and technology of china,University of Science and Technology of China,http://dbpedia.org/resource/University_of_Science_and_Technology_of_China,0.9407407407407407
Microsoft,Microsoft,http://dbpedia.org/resource/Microsoft,1.0
Beijing University of Posts and Telecommunications,Beijing University of Posts and Telecommunications,http://dbpedia.org/resource/Beijing_University_of_Posts_and_Telecommunications,1.0
University of Science and Technology of China,University of Science and Technology of China,http://dbpedia.org/resource/University_of_Science_and_Technology_of_China,1.0
Recommender Systems,,,0
Google,Google,http://dbpedia.org/resource/Google,1.0
Instagram,Instagram,http://dbpedia.org/resource/Instagram,1.0
Facebook,"Facebook, Inc.","http://dbpedia.org/resource/Facebook,_Inc.",0.9142857142857141
Microsoft,Microsoft,http://dbpedia.org/resource/Microsoft,1.0
dataiku,,,0
Recommender Systems,,,0
Google,Google,http://dbpedia.org/resource/Google,1.0
Instagram,Instagram,http://dbpedia.org/resource/Instagram,1.0
African Union,West African Union of Tax Institutes,http://dbpedia.org/resource/West_African_Union_of_Tax_Institutes,0.6844729344729343
Google,Google,http://dbpedia.org/resource/Google,1.0
Netflix,Netflix,http://dbpedia.org/resource/Netflix,1.0
Amazon,Amazon.com,http://dbpedia.org/resource/Amazon.com,0.92
Recommender Systems,,,0
Session-Aware Recommender Systems,,,0
Twitter,Twitter,http://dbpedia.org/resource/Twitter,1.0
creative commons,Creative Commons,http://dbpedia.org/resource/Creative_Commons,0.9166666666666666
SecurityTube.net,,,0
Microsoft,Microsoft,http://dbpedia.org/resource/Microsoft,1.0
SAP,SAP AG,http://dbpedia.org/resource/SAP_AG,0.8833333333333333
SAP,SAP FC,http://dbpedia.org/resource/SAP_FC,0.8833333333333333
SAP BusinessObjects Web Intelligence,,,0
Democrats,Democratic-Republican Party,http://dbpedia.org/resource/Democratic-Republican_Party,0.837037037037037
Recommender Systems,,,0
Pinterest,,,0
Ravensburg-Weingarten University,University of Applied Sciences Ravensburg-Weingarten,http://dbpedia.org/resource/University_of_Applied_Sciences_Ravensburg-Weingarten,0.6073397435897436
Recommender Systems,,,0
Internal Revenue Service,Internal Revenue Service,http://dbpedia.org/resource/Internal_Revenue_Service,1.0
Machine Learning Summer School in Sydney,,,0
Recommender Systems,,,0
MICROSOFT RESEARCH,Microsoft Research,http://dbpedia.org/resource/Microsoft_Research,0.4
University of Electronic Science and Technology of China,University of Electronic Science and Technology of China,http://dbpedia.org/resource/University_of_Electronic_Science_and_Technology_of_China,1.0
Recommender Systems,,,0
Microsoft,Microsoft,http://dbpedia.org/resource/Microsoft,1.0
Recommender Systems Description Recommender Systems,,,0
Recommender Systems,,,0
OLAP & OLTP Systems,,,0
yi fang,,,0
Santa Clara University,Santa Clara University,http://dbpedia.org/resource/Santa_Clara_University,1.0
MICROSOFT,Microsoft Research,http://dbpedia.org/resource/Microsoft_Research,0.5
YouTube,YouTube,http://dbpedia.org/resource/YouTube,1.0
Yahoo,Yahoo!,http://dbpedia.org/resource/Yahoo!,0.9666666666666667
Recommender Systems,,,0
Information Retrieval Systems,,,0
Cognos Software,,,0
IBM,IBM,http://dbpedia.org/resource/IBM,1.0
Oracle,Oracle Hyperion,http://dbpedia.org/resource/Oracle_Hyperion,0.88
Microstrategy,MicroStrategy,http://dbpedia.org/resource/MicroStrategy,0.9692307692307692
Fateh,Fatah,http://dbpedia.org/resource/Fatah,0.9066666666666667
SPSS,,,0
Tuning,Evans Tuning,http://dbpedia.org/resource/Evans_Tuning,0.5
Ravensburg-Weingarten University,University of Applied Sciences Ravensburg-Weingarten,http://dbpedia.org/resource/University_of_Applied_Sciences_Ravensburg-Weingarten,0.6073397435897436
algorithm,,,0
Recommender Systems,,,0
Building Recommender Systems,,,0
Netflix,Netflix,http://dbpedia.org/resource/Netflix,1.0
Amazon.com,Amazon.com,http://dbpedia.org/resource/Amazon.com,1.0
Recommender Systems,,,0
IDF,Israel Defense Forces,http://dbpedia.org/resource/Israel_Defense_Forces,0.6285714285714284
Easy Demo,,,0
Internal Revenue Service,Internal Revenue Service,http://dbpedia.org/resource/Internal_Revenue_Service,1.0
office of Financial Aid and Scholarships,,,0
Instagram,Instagram,http://dbpedia.org/resource/Instagram,1.0
Twitter,Twitter,http://dbpedia.org/resource/Twitter,1.0
Facebook,"Facebook, Inc.","http://dbpedia.org/resource/Facebook,_Inc.",0.9142857142857141
Recommender Systems,,,0
Oracle,Oracle Hyperion,http://dbpedia.org/resource/Oracle_Hyperion,0.88
Google,Google,http://dbpedia.org/resource/Google,1.0
Microsoft,Microsoft,http://dbpedia.org/resource/Microsoft,1.0
Oracle,Oracle Hyperion,http://dbpedia.org/resource/Oracle_Hyperion,0.88
coursera,,,0
Neural Networks,,,0
University of Toronto,University of Toronto,http://dbpedia.org/resource/University_of_Toronto,1.0
Uso,USO Mondeville,http://dbpedia.org/resource/USO_Mondeville,0.6428571428571428
Recommender Systems,,,0
University of Freiburg,University of Freiburg,http://dbpedia.org/resource/University_of_Freiburg,1.0
Carnegie Mellon University,Carnegie Mellon University,http://dbpedia.org/resource/Carnegie_Mellon_University,1.0
Google,Google,http://dbpedia.org/resource/Google,1.0
Facebook,"Facebook, Inc.","http://dbpedia.org/resource/Facebook,_Inc.",0.9142857142857141
Apple,Apple Inc.,http://dbpedia.org/resource/Apple_Inc.,0.8999999999999999
Large-Scale Recommender Systems,,,0
Recommender Systems,,,0
Distributed OLAP Systems,,,0
CMU Database Systems,,,0
Carnegie Mellon University,Carnegie Mellon University,http://dbpedia.org/resource/Carnegie_Mellon_University,1.0
Database Systems,,,0
Recommender Systems,,,0
Oracle,Oracle Hyperion,http://dbpedia.org/resource/Oracle_Hyperion,0.88
Recommender Systems,,,0
Stainless Steel,Stainless Steel Studios,http://dbpedia.org/resource/Stainless_Steel_Studios,0.9304347826086957
LG,LG Corp,http://dbpedia.org/resource/LG_Corp,0.8095238095238095
Twitter,Twitter,http://dbpedia.org/resource/Twitter,1.0
Netflix,Netflix,http://dbpedia.org/resource/Netflix,1.0
Facebook,"Facebook, Inc.","http://dbpedia.org/resource/Facebook,_Inc.",0.9142857142857141
Amazon,Amazon.com,http://dbpedia.org/resource/Amazon.com,0.92
Computer Music,,,0
European Research Council,European Research Council,http://dbpedia.org/resource/European_Research_Council,1.0
Pompeu Fabra University in Barcelona,,,0
Beijing Opera,,,0
Music Technology Group,,,0
Stanford University,Stanford University,http://dbpedia.org/resource/Stanford_University,1.0
Stanford,Stanford University,http://dbpedia.org/resource/Stanford_University,0.8842105263157894
Stanford,Stanford Law School,http://dbpedia.org/resource/Stanford_Law_School,0.8842105263157894
Universitat Pompeu Fabra in Barcelona,,,0
universitat pompeu fabra,Pompeu Fabra University,http://dbpedia.org/resource/Pompeu_Fabra_University,0.535024154589372
Department of Information and Communication Technologies,,,0
Netflix,Netflix,http://dbpedia.org/resource/Netflix,1.0
Recommender Systems,,,0
SQL Power Group Inc.,,,0
Recommender Systems,,,0
Center for Intelligent Information Retrieval,,,0
University of Massachusetts,University of Massachusetts,http://dbpedia.org/resource/University_of_Massachusetts,1.0
max planck,Max Planck Society,http://dbpedia.org/resource/Max_Planck_Society,0.7481481481481481
American University of Beirut,American University of Beirut,http://dbpedia.org/resource/American_University_of_Beirut,1.0
Max Planck Institute for Informatik,,,0
Microsoft,Microsoft,http://dbpedia.org/resource/Microsoft,1.0
ASP.NET,,,0
Apache,Apache Scouts,http://dbpedia.org/resource/Apache_Scouts,0.8923076923076922
"SVD
Blake Jackson",,,0
University of Freiburg,University of Freiburg,http://dbpedia.org/resource/University_of_Freiburg,1.0
EXCEL,Excel Entertainment,http://dbpedia.org/resource/Excel_Entertainment,0.5515789473684211
Music Technology Group,,,0
Recommender Systems,,,0
Microsoft,Microsoft,http://dbpedia.org/resource/Microsoft,1.0
"Microsoft Excel
DesignBi Business Intelligence",,,0
Data Warehouse and Business Intelligence,,,0
Novo Nordisk,Novo Nordisk,http://dbpedia.org/resource/Novo_Nordisk,1.0
Recommender Systems,,,0
Danske Bank,Danske Bank,http://dbpedia.org/resource/Danske_Bank,1.0
Excel,Excel (band),http://dbpedia.org/resource/Excel_(band),0.8833333333333333
Delft University of Technology,Delft University of Technology,http://dbpedia.org/resource/Delft_University_of_Technology,1.0
Multimedia Computing,,,0
Stanford University,Stanford University,http://dbpedia.org/resource/Stanford_University,1.0
Big Data Course Spring Unit,,,0
SAP BusinessObjects Web Intelligence,,,0
Web Intelligence,,,0
Amazon.com,Amazon.com,http://dbpedia.org/resource/Amazon.com,1.0
Recommender Systems,,,0
Amazon,Amazon.com,http://dbpedia.org/resource/Amazon.com,0.92
Birzeit University,Birzeit University,http://dbpedia.org/resource/Birzeit_University,1.0
Big Data and Business Intelligence,,,0
Recommender Systems,,,0
Microsoft,Microsoft,http://dbpedia.org/resource/Microsoft,1.0
ACE,Ace of Base,http://dbpedia.org/resource/Ace_of_Base,0.5272727272727273
INTERNATIONAL BUSINESS MACHINES CORPORATION,IBM,http://dbpedia.org/resource/IBM,0.613953488372093
ibm software,,,0
Mozilla Corporation,Mozilla Corporation,http://dbpedia.org/resource/Mozilla_Corporation,1.0
Apple Inc.,Apple Inc.,http://dbpedia.org/resource/Apple_Inc.,1.0
cognos,Cognos,http://dbpedia.org/resource/Cognos,0.888888888888889
sharepoint,IDV Solutions,http://dbpedia.org/resource/IDV_Solutions,0.48589743589743595
Microsoft Corporation,Microsoft,http://dbpedia.org/resource/Microsoft,0.8857142857142857
Tutorial Business Intelligence,,,0
Content-Based Recommender Systems,,,0
Netflix,Netflix,http://dbpedia.org/resource/Netflix,1.0
kaggle,Kaggle,http://dbpedia.org/resource/Kaggle,0.888888888888889
coursera,,,0
University of Minnesota,University of Minnesota,http://dbpedia.org/resource/University_of_Minnesota,1.0
Recommender Systems,,,0
Olivier Grisel - Neural Networks,,,0
Recommender Systems,,,0
Digitalis Limited,,,0
RECOMMENDER SYSTEMS,,,0
ROLAP - Tagetik CPM Software,,,0
University of Freiburg,University of Freiburg,http://dbpedia.org/resource/University_of_Freiburg,1.0
Mysql,MySQL AB,http://dbpedia.org/resource/MySQL_AB,0.6399999999999999
Xiaopeng Li,,,0
Hong Kong University of Science and Technology,Hong Kong University of Science and Technology,http://dbpedia.org/resource/Hong_Kong_University_of_Science_and_Technology,1.0
Netflix,Netflix,http://dbpedia.org/resource/Netflix,1.0
Facebook,"Facebook, Inc.","http://dbpedia.org/resource/Facebook,_Inc.",0.9142857142857141
Recommendation Systems,,,0
Recommender Systems,,,0
Amazon,Amazon.com,http://dbpedia.org/resource/Amazon.com,0.92
IMC,International Metalworking Companies,http://dbpedia.org/resource/International_Metalworking_Companies,0.6166666666666667
MySQL,MySQL AB,http://dbpedia.org/resource/MySQL_AB,0.925
Alphabet Inc,,,0
Recommender Systems,,,0
Recommender Systems,,,0
Oracle,Oracle Hyperion,http://dbpedia.org/resource/Oracle_Hyperion,0.88
Simba Technologies Inc.,,,0
Google,Google,http://dbpedia.org/resource/Google,1.0
Recommender Systems,,,0
MICROSOFT RESEARCH,Microsoft Research,http://dbpedia.org/resource/Microsoft_Research,0.4
edexcel,Edexcel,http://dbpedia.org/resource/Edexcel,0.8492063492063491
Mercury Solutions Limited.,,,0
Computational Intelligence,,,0
Facebook Group,,,0
Twitter,Twitter,http://dbpedia.org/resource/Twitter,1.0
YouTube,YouTube,http://dbpedia.org/resource/YouTube,1.0
Facebook,"Facebook, Inc.","http://dbpedia.org/resource/Facebook,_Inc.",0.9142857142857141
Teradata,Teradata,http://dbpedia.org/resource/Teradata,1.0
Oracle,Oracle Hyperion,http://dbpedia.org/resource/Oracle_Hyperion,0.88
Microsoft,Microsoft,http://dbpedia.org/resource/Microsoft,1.0
Neural Networks,,,0
Recommender Systems,,,0
Big Data Course-Spring Unit,,,0
Internal Revenue Service,Internal Revenue Service,http://dbpedia.org/resource/Internal_Revenue_Service,1.0
office of Financial Aid and Scholarships,,,0
Modern Recommender Systems,,,0
Recommender Systems,,,0
HCI,Hwa Chong Institution,http://dbpedia.org/resource/Hwa_Chong_Institution,0.7428571428571428
Recommender Systems,,,0
Birzeit University,Birzeit University,http://dbpedia.org/resource/Birzeit_University,1.0
business objects,Business Objects,http://dbpedia.org/resource/Business_Objects,0.9166666666666666
Oracle,Oracle Hyperion,http://dbpedia.org/resource/Oracle_Hyperion,0.88
SAP,SAP AG,http://dbpedia.org/resource/SAP_AG,0.8833333333333333
SAP,SAP FC,http://dbpedia.org/resource/SAP_FC,0.8833333333333333
Salesforce,Salesforce.com,http://dbpedia.org/resource/Salesforce.com,0.9428571428571428
Oracle,Oracle Hyperion,http://dbpedia.org/resource/Oracle_Hyperion,0.88
Best Software Training Institute for Hadoop,,,0
ASP.NET,,,0
Facebook,"Facebook, Inc.","http://dbpedia.org/resource/Facebook,_Inc.",0.9142857142857141
Alphabet Inc,,,0
Cross-Language Information Retrieval Systems,,,0
Talend,Talend,http://dbpedia.org/resource/Talend,1.0
Deep Recommender Systems,,,0
kaggle,Kaggle,http://dbpedia.org/resource/Kaggle,0.888888888888889
Download Office,,,0
Oracle,Oracle Hyperion,http://dbpedia.org/resource/Oracle_Hyperion,0.88
Instagram,Instagram,http://dbpedia.org/resource/Instagram,1.0
Twitter,Twitter,http://dbpedia.org/resource/Twitter,1.0
YouTube,YouTube,http://dbpedia.org/resource/YouTube,1.0
Facebook,"Facebook, Inc.","http://dbpedia.org/resource/Facebook,_Inc.",0.9142857142857141
Facebook Inc,"Facebook, Inc.","http://dbpedia.org/resource/Facebook,_Inc.",0.9714285714285714
Recommender Systems,,,0
minera escondida,,,0
BI Office,,,0
Microsoft,Microsoft,http://dbpedia.org/resource/Microsoft,1.0
Xiaopeng Li,,,0
Hong Kong University of Science and Technology,Hong Kong University of Science and Technology,http://dbpedia.org/resource/Hong_Kong_University_of_Science_and_Technology,1.0
Recommender Systems,,,0
Department of Computer Science and Engineering,,,0
Google,Google,http://dbpedia.org/resource/Google,1.0
University of Waikato in New Zealand,,,0
"University of Massachusetts, Amherst",University of Massachusetts Amherst,http://dbpedia.org/resource/University_of_Massachusetts_Amherst,0.9944444444444445
"Purdue University
Department of Computer Science",,,0
Talend,Talend,http://dbpedia.org/resource/Talend,1.0
"Twitter
School of Information",,,0
Twitter,Twitter,http://dbpedia.org/resource/Twitter,1.0
UC Berkeley,UC Berkeley School of Law,http://dbpedia.org/resource/UC_Berkeley_School_of_Law,0.8879999999999999
Recommender Systems,,,0
Netflix,Netflix,http://dbpedia.org/resource/Netflix,1.0
Google,Google,http://dbpedia.org/resource/Google,1.0
of Networks,GMA Network,http://dbpedia.org/resource/GMA_Network,0.8181818181818181
Recommender Systems,,,0
Excel,Excel (band),http://dbpedia.org/resource/Excel_(band),0.8833333333333333
Data Warehouse and Business Intelligence,,,0
Paper Session 7 - Recommender Systems,,,0
Informatica,Informatica,http://dbpedia.org/resource/Informatica,1.0
Informatica Power Center,,,0
Amazon,Amazon.com,http://dbpedia.org/resource/Amazon.com,0.92
MySQL,MySQL AB,http://dbpedia.org/resource/MySQL_AB,0.925
Percona,,,0
GridGain,,,0
Siemens India,,,0
YouTube,YouTube,http://dbpedia.org/resource/YouTube,1.0
SPSS,,,0
Pinterest,,,0
Recommender Systems,,,0
Birzeit University,Birzeit University,http://dbpedia.org/resource/Birzeit_University,1.0
Hybrid Recommender Systems,,,0
trivago,,,0
UCSD,"University of California, San Diego School of Medicine","http://dbpedia.org/resource/University_of_California,_San_Diego_School_of_Medicine",0.6416666666666667
APPLE,Apple Inc.,http://dbpedia.org/resource/Apple_Inc.,0.49
Netflix,Netflix,http://dbpedia.org/resource/Netflix,1.0
Recommender Systems,,,0
University of Freiburg,University of Freiburg,http://dbpedia.org/resource/University_of_Freiburg,1.0
LinKedin,LinkedIn,http://dbpedia.org/resource/LinkedIn,0.8833333333333333
SPOTIFY,Spotify,http://dbpedia.org/resource/Spotify,0.48571428571428565
Recommender Systems,,,0
Amazon,Amazon.com,http://dbpedia.org/resource/Amazon.com,0.92
Spence Database Information Retrieval Systems,,,0
Stephen Thomas - Recommender Systems,,,0
CMU Database Systems,,,0
Carnegie Mellon University,Carnegie Mellon University,http://dbpedia.org/resource/Carnegie_Mellon_University,1.0
Database Systems,,,0
Building Recommender Systems,,,0
LinkedIn Corporation,LinkedIn,http://dbpedia.org/resource/LinkedIn,0.88
I.R.S.,I.R.S. Records,http://dbpedia.org/resource/I.R.S._Records,0.8857142857142857
Federal Emergency Management Agency,Federal Emergency Management Agency,http://dbpedia.org/resource/Federal_Emergency_Management_Agency,1.0
jwayne@usfcrgov.com PPIRS PPIRS Past Performance Information Retrieval System FAPIIS P.P.I.R.S. Government,,,0
General Services Administration,General Services Administration,http://dbpedia.org/resource/General_Services_Administration,1.0
g.s.a.,GSA Sports F.C.,http://dbpedia.org/resource/GSA_Sports_F.C.,0.0
Recommender Systems,,,0
Canadian Intellectual Property Office,,,0
City College,City College of New York,http://dbpedia.org/resource/City_College_of_New_York,0.8999999999999999
Recommender Systems,,,0
Nanjing University,Nanjing University,http://dbpedia.org/resource/Nanjing_University,1.0
FILMED,Fox Entertainment Group,http://dbpedia.org/resource/Fox_Entertainment_Group,0.5260869565217391
Indiana University,Indiana University,http://dbpedia.org/resource/Indiana_University,1.0
University of Waterloo,University of Waterloo,http://dbpedia.org/resource/University_of_Waterloo,1.0
United Nations,United Nations peacekeeping,http://dbpedia.org/resource/United_Nations_peacekeeping,0.9037037037037037
SAS Enterprise Guide,,,0
Netflix,Netflix,http://dbpedia.org/resource/Netflix,1.0
AWS,Solidarity Electoral Action,http://dbpedia.org/resource/Solidarity_Electoral_Action,0.45679012345679004
Amazon,Amazon.com,http://dbpedia.org/resource/Amazon.com,0.92
YouTube,YouTube,http://dbpedia.org/resource/YouTube,1.0
Rackspace,Rackspace,http://dbpedia.org/resource/Rackspace,1.0
o'reilly media,,,0
iZotope,,,0
National Science Foundation,National Science Foundation,http://dbpedia.org/resource/National_Science_Foundation,1.0
Center for Computer Research,,,0
Stanford University,Stanford University,http://dbpedia.org/resource/Stanford_University,1.0
IBM,IBM,http://dbpedia.org/resource/IBM,1.0
Yahoo,Yahoo!,http://dbpedia.org/resource/Yahoo!,0.9666666666666667
IDF,Israel Defense Forces,http://dbpedia.org/resource/Israel_Defense_Forces,0.6285714285714284
Stanford,Stanford University,http://dbpedia.org/resource/Stanford_University,0.8842105263157894
Stanford,Stanford Law School,http://dbpedia.org/resource/Stanford_Law_School,0.8842105263157894
Center for Democracy & Technology,,,0
Border Protection,Australian Customs and Border Protection Service,http://dbpedia.org/resource/Australian_Customs_and_Border_Protection_Service,0.6474673202614378
us news,,,0
Facebook,"Facebook, Inc.","http://dbpedia.org/resource/Facebook,_Inc.",0.9142857142857141
U.S. Customs and Border Protection,,,0
U.S. Department of Homeland Security,United States Department of Homeland Security,http://dbpedia.org/resource/United_States_Department_of_Homeland_Security,0.7688235294117647
Google,Google,http://dbpedia.org/resource/Google,1.0
GitHub,,,0
Recommender Systems,,,0
SPOTIFY,Spotify,http://dbpedia.org/resource/Spotify,0.48571428571428565
University of Padova,,,0
The Echo Nest,The Echo Nest,http://dbpedia.org/resource/The_Echo_Nest,1.0
Netflix,Netflix,http://dbpedia.org/resource/Netflix,1.0
Recommender Systems,,,0
Central Intelligence Agency,Central Intelligence Agency,http://dbpedia.org/resource/Central_Intelligence_Agency,1.0
Oracle,Oracle Hyperion,http://dbpedia.org/resource/Oracle_Hyperion,0.88
Recommender Systems,,,0
Neural Networks,,,0
YouTube,YouTube,http://dbpedia.org/resource/YouTube,1.0
Creative Commons,Creative Commons,http://dbpedia.org/resource/Creative_Commons,1.0
Recommender Systems,,,0
Microsoft Analysis Services,,,0
Microsoft,Microsoft,http://dbpedia.org/resource/Microsoft,1.0
Oracle,Oracle Hyperion,http://dbpedia.org/resource/Oracle_Hyperion,0.88
Microsoft,Microsoft,http://dbpedia.org/resource/Microsoft,1.0
Content Based Recommendations Recommender Systems,,,0
Recommender Systems,,,0
Netflix,Netflix,http://dbpedia.org/resource/Netflix,1.0
LinkedIn,LinkedIn,http://dbpedia.org/resource/LinkedIn,1.0
Yahoo!,Yahoo!,http://dbpedia.org/resource/Yahoo!,1.0
Deep Neural Networks,,,0
Quora,Quora,http://dbpedia.org/resource/Quora,1.0
Recommender Systems,,,0
Google,Google,http://dbpedia.org/resource/Google,1.0
PeB -Recommender Systems,,,0
Stanford University,Stanford University,http://dbpedia.org/resource/Stanford_University,1.0
Evaluating Recommender Systems,,,0
User Item Subgroups ChennaiSunday Systems Pvt,,,0
Movie Recommender Systems,,,0
Microsoft,Microsoft,http://dbpedia.org/resource/Microsoft,1.0
Netflix,Netflix,http://dbpedia.org/resource/Netflix,1.0
AWS,Solidarity Electoral Action,http://dbpedia.org/resource/Solidarity_Electoral_Action,0.45679012345679004
Amazon,Amazon.com,http://dbpedia.org/resource/Amazon.com,0.92
YouTube,YouTube,http://dbpedia.org/resource/YouTube,1.0
University of Freiburg,University of Freiburg,http://dbpedia.org/resource/University_of_Freiburg,1.0
"Video Demonstration
Enabling Business Intelligence",,,0
Microsoft,Microsoft,http://dbpedia.org/resource/Microsoft,1.0
Google,Google,http://dbpedia.org/resource/Google,1.0
Conversational Recommender Systems,,,0
Google,Google,http://dbpedia.org/resource/Google,1.0
ACM Inc.,,,0
Spoken Natural-Language Conversational Recommender Systems,,,0
Recommender Systems,,,0
Microsoft,Microsoft,http://dbpedia.org/resource/Microsoft,1.0
ASP.NET,,,0
Mistimarr Music,,,0
YouTube,YouTube,http://dbpedia.org/resource/YouTube,1.0
Universitat Politècnica de València UPV,,,0
Instagram,Instagram,http://dbpedia.org/resource/Instagram,1.0
UpSkill,,,0
Google,Google,http://dbpedia.org/resource/Google,1.0
Facebook,"Facebook, Inc.","http://dbpedia.org/resource/Facebook,_Inc.",0.9142857142857141
Coaching Centre for Information Technology,,,0
MCA,MCA Inc.,http://dbpedia.org/resource/MCA_Inc.,0.8541666666666666
Recommender Systems,,,0
Oracle,Oracle Hyperion,http://dbpedia.org/resource/Oracle_Hyperion,0.88
Google,Google,http://dbpedia.org/resource/Google,1.0
SoftwareMill,,,0
Recommender Systems,,,0
Informationswissenschaften Heinrich-Heine-Universität WS,,,0
Neural Networks,,,0
Recommender Systems,,,0
Deep Neural Networks,,,0
GitHub,,,0
Recommender Systems,,,0
Grupo de Trabajo de Competencias Informacionales de la Biblioteca de la Universidad de Las Palmas de Gran Canaria,,,0
Working Group,International Work Group for Indigenous Affairs,http://dbpedia.org/resource/International_Work_Group_for_Indigenous_Affairs,0.5872431351154754
LG,LG Corp,http://dbpedia.org/resource/LG_Corp,0.8095238095238095
Netflix,Netflix,http://dbpedia.org/resource/Netflix,1.0
Czech Technical University in Prague,Czech Technical University in Prague,http://dbpedia.org/resource/Czech_Technical_University_in_Prague,1.0
Recommender Systems,,,0
"FAZLI CAN
Department of Computer Engineering",,,0
Bilkent University,Bilkent University,http://dbpedia.org/resource/Bilkent_University,1.0
University of Trento,University of Trento,http://dbpedia.org/resource/University_of_Trento,1.0
Recommender Systems,,,0
Recommender Systems,,,0
Instagram,Instagram,http://dbpedia.org/resource/Instagram,1.0
UpSkill,,,0
Google,Google,http://dbpedia.org/resource/Google,1.0
Facebook,"Facebook, Inc.","http://dbpedia.org/resource/Facebook,_Inc.",0.9142857142857141
Coaching Centre for Information Technology,,,0
MCA,MCA Inc.,http://dbpedia.org/resource/MCA_Inc.,0.8541666666666666
Last.fm,,,0
RECOMMENDER,Strands Recommender,http://dbpedia.org/resource/Strands_Recommender,0.38118022328548645
Pandora Radio,Pandora Radio,http://dbpedia.org/resource/Pandora_Radio,1.0
Hybrid Recommender Systems,,,0
Twitter,Twitter,http://dbpedia.org/resource/Twitter,1.0
City Law School,,,0
City University London,City University London,http://dbpedia.org/resource/City_University_London,1.0
IBM,IBM,http://dbpedia.org/resource/IBM,1.0
cognos,Cognos,http://dbpedia.org/resource/Cognos,0.888888888888889
"University of Technology, Vienna",Vienna University of Technology,http://dbpedia.org/resource/Vienna_University_of_Technology,0.7594086021505376
Ericsson,Ericsson,http://dbpedia.org/resource/Ericsson,1.0
WideOrbit,,,0
University of Freiburg,University of Freiburg,http://dbpedia.org/resource/University_of_Freiburg,1.0
Collaborative Filtering Algorithm Recommender Systems,,,0
Recommender Systems,,,0
University of Freiburg,University of Freiburg,http://dbpedia.org/resource/University_of_Freiburg,1.0
idf,Israeli Air Force,http://dbpedia.org/resource/Israeli_Air_Force,0.4640522875816993
AP,Automotive Products,http://dbpedia.org/resource/Automotive_Products,0.5657894736842105
Python,Python Lee Jackson,http://dbpedia.org/resource/Python_Lee_Jackson,0.8666666666666666
Repository Administration,,,0
Informatica,Informatica,http://dbpedia.org/resource/Informatica,1.0
ETL Tutorial Session Interview OLTP Data Ware,,,0
Oracle,Oracle Hyperion,http://dbpedia.org/resource/Oracle_Hyperion,0.88
Microsoft,Microsoft,http://dbpedia.org/resource/Microsoft,1.0
Simba,Simba FC,http://dbpedia.org/resource/Simba_FC,0.925
Recommender Systems,,,0
Division of Information and Technology Studies,,,0
University of Hong Kong,University of Hong Kong,http://dbpedia.org/resource/University_of_Hong_Kong,1.0
Faculty of Education,"Faculty of Education, University of Cambridge","http://dbpedia.org/resource/Faculty_of_Education,_University_of_Cambridge",0.888888888888889
Oxford University's e-Research Centre,,,0
BI Office,,,0
Birzeit University,Birzeit University,http://dbpedia.org/resource/Birzeit_University,1.0
Netflix,Netflix,http://dbpedia.org/resource/Netflix,1.0
LinkedIn,LinkedIn,http://dbpedia.org/resource/LinkedIn,1.0
Amazon,Amazon.com,http://dbpedia.org/resource/Amazon.com,0.92
New York Times,The New York Times Company,http://dbpedia.org/resource/The_New_York_Times_Company,0.7032967032967031
Facebook,"Facebook, Inc.","http://dbpedia.org/resource/Facebook,_Inc.",0.9142857142857141
Recommender Systems,,,0
Information Retrieval Technology,,,0
Assoc,National Medical Association,http://dbpedia.org/resource/National_Medical_Association,0.4904761904761905
Music Technology Group,,,0
Scalable Recommender Systems,,,0
University of Southern California,University of Southern California,http://dbpedia.org/resource/University_of_Southern_California,1.0
Impetus Technologies,Impetus Technologies,http://dbpedia.org/resource/Impetus_Technologies,1.0
Problem Formulation Recommender Systems,,,0
Recommender Systems,,,0
Talend,Talend,http://dbpedia.org/resource/Talend,1.0
Informatica,Informatica,http://dbpedia.org/resource/Informatica,1.0
MicroStrategy,MicroStrategy,http://dbpedia.org/resource/MicroStrategy,1.0
MICROSOFT,Microsoft Research,http://dbpedia.org/resource/Microsoft_Research,0.5
Twitter,Twitter,http://dbpedia.org/resource/Twitter,1.0
GitHub,,,0
University of North Carolina,University of North Carolina,http://dbpedia.org/resource/University_of_North_Carolina,1.0
School of Information and Library Sciences,,,0
Netflix,Netflix,http://dbpedia.org/resource/Netflix,1.0
Thesaurus Information Retrieval Systems,,,0
Information Retrieval Systems,,,0
School of Information,Australian School of Business,http://dbpedia.org/resource/Australian_School_of_Business,0.5882868089764641
"UMSI Information Retrieval Method
School of Information",,,0
OLAP Time Intelligence,,,0
Birzeit University,Birzeit University,http://dbpedia.org/resource/Birzeit_University,1.0
"European Society for Blood and Marrow Transplantation
Visit",,,0
SPSS,,,0
LinkedIn,LinkedIn,http://dbpedia.org/resource/LinkedIn,1.0
Twitter,Twitter,http://dbpedia.org/resource/Twitter,1.0
YouTube,YouTube,http://dbpedia.org/resource/YouTube,1.0
Promise,LA's Promise,http://dbpedia.org/resource/LA's_Promise,0.7182539682539684
Facebook,"Facebook, Inc.","http://dbpedia.org/resource/Facebook,_Inc.",0.9142857142857141
Group Recommender Systems,,,0
Microsoft,Microsoft,http://dbpedia.org/resource/Microsoft,1.0
University of Freiburg,University of Freiburg,http://dbpedia.org/resource/University_of_Freiburg,1.0
coursera,,,0
University of Minnesota,University of Minnesota,http://dbpedia.org/resource/University_of_Minnesota,1.0
Recommender Systems,,,0
cognos,Cognos,http://dbpedia.org/resource/Cognos,0.888888888888889
YouTube,YouTube,http://dbpedia.org/resource/YouTube,1.0
Instagram,Instagram,http://dbpedia.org/resource/Instagram,1.0
Facebook,"Facebook, Inc.","http://dbpedia.org/resource/Facebook,_Inc.",0.9142857142857141
LG,LG Corp,http://dbpedia.org/resource/LG_Corp,0.8095238095238095
Amazon,Amazon.com,http://dbpedia.org/resource/Amazon.com,0.92
Twitter,Twitter,http://dbpedia.org/resource/Twitter,1.0
Facebook,"Facebook, Inc.","http://dbpedia.org/resource/Facebook,_Inc.",0.9142857142857141
FLIPKART,,,0
Online,AOL,http://dbpedia.org/resource/AOL,0.5
Instagram,Instagram,http://dbpedia.org/resource/Instagram,1.0
Facebook,"Facebook, Inc.","http://dbpedia.org/resource/Facebook,_Inc.",0.9142857142857141
Inteligencia de Negocios Tableau,,,0
Team,Ferrari,http://dbpedia.org/resource/Ferrari,0.5952380952380951
indian institute of technology bombay,Indian Institute of Technology Bombay,http://dbpedia.org/resource/Indian_Institute_of_Technology_Bombay,0.8673218673218673
Department of Electrical Engineering,Henry Samueli School of Engineering and Applied Science,http://dbpedia.org/resource/Henry_Samueli_School_of_Engineering_and_Applied_Science,0.6194324194324194
Indian Institute of Technology Bombay,Indian Institute of Technology Bombay,http://dbpedia.org/resource/Indian_Institute_of_Technology_Bombay,1.0
Music Technology Group,,,0
Recommender Systems,,,0
Internal Revenue Service,Internal Revenue Service,http://dbpedia.org/resource/Internal_Revenue_Service,1.0
IBM,IBM,http://dbpedia.org/resource/IBM,1.0
Recommender Systems,,,0
Twitter,Twitter,http://dbpedia.org/resource/Twitter,1.0
Netflix,Netflix,http://dbpedia.org/resource/Netflix,1.0
LinkedIn,LinkedIn,http://dbpedia.org/resource/LinkedIn,1.0
Recommender Systems,,,0
coursera,,,0
Recommender Systems,,,0
Social Networks,,,0
Recommender Systems,,,0
Report Builder,,,0
University of Freiburg,University of Freiburg,http://dbpedia.org/resource/University_of_Freiburg,1.0
"Indian Institute of Technology, Kanpur",Indian Institute of Technology Kanpur,http://dbpedia.org/resource/Indian_Institute_of_Technology_Kanpur,0.9947368421052631
Indian Institute of Technology,Indian Institute of Technology Delhi,http://dbpedia.org/resource/Indian_Institute_of_Technology_Delhi,0.9666666666666667
Department of Electrical Engineering,Henry Samueli School of Engineering and Applied Science,http://dbpedia.org/resource/Henry_Samueli_School_of_Engineering_and_Applied_Science,0.6194324194324194
Pentalog Business Intelligence,,,0
pentalog,Pentalog,http://dbpedia.org/resource/Pentalog,0.9166666666666666
Recommender Systems,,,0
Opening,Opening Day Partners,http://dbpedia.org/resource/Opening_Day_Partners,0.87
Simple Calculated,,,0
Instagram,Instagram,http://dbpedia.org/resource/Instagram,1.0
Twitter,Twitter,http://dbpedia.org/resource/Twitter,1.0
Facebook,"Facebook, Inc.","http://dbpedia.org/resource/Facebook,_Inc.",0.9142857142857141
Recommender Systems,,,0
University of Freiburg,University of Freiburg,http://dbpedia.org/resource/University_of_Freiburg,1.0
IBM,IBM,http://dbpedia.org/resource/IBM,1.0
CLOUDERA,Cloudera,http://dbpedia.org/resource/Cloudera,0.475
LinkedIn,LinkedIn,http://dbpedia.org/resource/LinkedIn,1.0
Hortonworks,Hortonworks,http://dbpedia.org/resource/Hortonworks,1.0
Oracle,Oracle Hyperion,http://dbpedia.org/resource/Oracle_Hyperion,0.88
EMC Corporation,EMC Corporation,http://dbpedia.org/resource/EMC_Corporation,1.0
Hadoop Administration,,,0
Google,Google,http://dbpedia.org/resource/Google,1.0
Microsoft,Microsoft,http://dbpedia.org/resource/Microsoft,1.0
Facebook,"Facebook, Inc.","http://dbpedia.org/resource/Facebook,_Inc.",0.9142857142857141
Cisco,Cisco Systems,http://dbpedia.org/resource/Cisco_Systems,0.8769230769230769
Cisco,Cisco College,http://dbpedia.org/resource/Cisco_College,0.8769230769230769
McKinsley Global Institute,,,0
Apple,Apple Inc.,http://dbpedia.org/resource/Apple_Inc.,0.8999999999999999
Twitter,Twitter,http://dbpedia.org/resource/Twitter,1.0
LinkedIn,LinkedIn,http://dbpedia.org/resource/LinkedIn,1.0
Recommender Systems,,,0
Microsoft,Microsoft,http://dbpedia.org/resource/Microsoft,1.0
Pinterest,,,0
Kosei,,,0
International Society for Music Information Retrieval,,,0
OLAP Time Intelligence,,,0
Kyubit Business Intelligence,,,0
Collaborative Filtering Recommender Systems,,,0
socrata,Socrata,http://dbpedia.org/resource/Socrata,0.9047619047619048
GitHub,,,0
YouTube,YouTube,http://dbpedia.org/resource/YouTube,1.0
UNIVERSIDAD TÉCNICA,Universidad Técnica Particular de Loja,http://dbpedia.org/resource/Universidad_T%C3%A9cnica_Particular_de_Loja,0.4710526315789474
Alibaba Group Holding Ltd,,,0
Talend,Talend,http://dbpedia.org/resource/Talend,1.0
Kotak Mahendra Bank,,,0
Chennai Office,,,0
Pondicherry Office,,,0
Listing,Financial Services Authority,http://dbpedia.org/resource/Financial_Services_Authority,0.40079365079365076
Hochschule Hannover,University of Hanover,http://dbpedia.org/resource/University_of_Hanover,0.5675020885547201
Indoor Localization Context-Aware Recommender Systems,,,0
University of Applied Sciences and Arts,Lucerne University of Applied Sciences and Arts,http://dbpedia.org/resource/Lucerne_University_of_Applied_Sciences_and_Arts,0.7979632660483724
University of Dortmund,Technical University of Dortmund,http://dbpedia.org/resource/Technical_University_of_Dortmund,0.7594696969696969
University of Hagen,,,0
Recommender Systems,,,0
University of Freiburg,University of Freiburg,http://dbpedia.org/resource/University_of_Freiburg,1.0
CLOUDERA,Cloudera,http://dbpedia.org/resource/Cloudera,0.475
LinkedIn Corporation,LinkedIn,http://dbpedia.org/resource/LinkedIn,0.88
Benjamin Le,,,0
Recommender Systems,,,0
YouTube,YouTube,http://dbpedia.org/resource/YouTube,1.0
Crowne Plaza,Crowne Plaza,http://dbpedia.org/resource/Crowne_Plaza,1.0
Recommender Systems,,,0
NYU,New York University,http://dbpedia.org/resource/New_York_University,0.7473684210526316
Twitter,Twitter,http://dbpedia.org/resource/Twitter,1.0
Multimedia Retrieval,,,0
Microsoft,Microsoft,http://dbpedia.org/resource/Microsoft,1.0
"Ryerson University, Toronto",,,0
Hybrid - Recommender Systems,,,0
DePaul University,DePaul University,http://dbpedia.org/resource/DePaul_University,1.0
Recommender Systems,,,0
Americal Statistical Association,,,0
Yahoo.com,Yahoo!,http://dbpedia.org/resource/Yahoo!,0.8777777777777778
AT&T,THQ,http://dbpedia.org/resource/THQ,0.5277777777777777
AT&T,TF1,http://dbpedia.org/resource/TF1,0.5277777777777777
Yahoo!,Yahoo!,http://dbpedia.org/resource/Yahoo!,1.0
Netflix,Netflix,http://dbpedia.org/resource/Netflix,1.0
Amazon,Amazon.com,http://dbpedia.org/resource/Amazon.com,0.92
eBay,EBay,http://dbpedia.org/resource/EBay,0.8333333333333333
Collective Intelligence,,,0
Recommender Systems,,,0
O'Reilly,O'Reilly Auto Parts,http://dbpedia.org/resource/O'Reilly_Auto_Parts,0.8842105263157894
Multimedia Information Retrieval,,,0
Taboola,,,0
Recommender Systems,,,0
Apache Mahout,,,0
IDF,Israel Defense Forces,http://dbpedia.org/resource/Israel_Defense_Forces,0.6285714285714284
Lucidworks,,,0
University of Minnesota,University of Minnesota,http://dbpedia.org/resource/University_of_Minnesota,1.0
Conversational Recommender Systems,,,0
Department of Computer Science and Engineering,,,0
Bloomberg.com,Bloomberg L.P.,http://dbpedia.org/resource/Bloomberg_L.P.,0.8967032967032966
Hadoop Recommender Systems,,,0
Amazon,Amazon.com,http://dbpedia.org/resource/Amazon.com,0.92
Oracle,Oracle Hyperion,http://dbpedia.org/resource/Oracle_Hyperion,0.88
Strata SG,,,0
Recommender Systems,,,0
MySQL,MySQL AB,http://dbpedia.org/resource/MySQL_AB,0.925
Big Data Course-Spring Unit,,,0
Recommender Systems,,,0
kaggle,Kaggle,http://dbpedia.org/resource/Kaggle,0.888888888888889
Recommender Systems,,,0
Microsoft,Microsoft,http://dbpedia.org/resource/Microsoft,1.0
Instagram,Instagram,http://dbpedia.org/resource/Instagram,1.0
Editing Software,,,0
CSC,Computer Sciences Corporation,http://dbpedia.org/resource/Computer_Sciences_Corporation,0.6206896551724138
Netflix,Netflix,http://dbpedia.org/resource/Netflix,1.0
Yahoo!,Yahoo!,http://dbpedia.org/resource/Yahoo!,1.0
Deep Neural Networks,,,0
LinkedIn,LinkedIn,http://dbpedia.org/resource/LinkedIn,1.0
Quora,Quora,http://dbpedia.org/resource/Quora,1.0
Recommender Systems,,,0
Google,Google,http://dbpedia.org/resource/Google,1.0
Stanford University,Stanford University,http://dbpedia.org/resource/Stanford_University,1.0
Stanford,Stanford University,http://dbpedia.org/resource/Stanford_University,0.8842105263157894
Stanford,Stanford Law School,http://dbpedia.org/resource/Stanford_Law_School,0.8842105263157894
Microsoft,Microsoft,http://dbpedia.org/resource/Microsoft,1.0
MySQL,MySQL AB,http://dbpedia.org/resource/MySQL_AB,0.925
Facebook,"Facebook, Inc.","http://dbpedia.org/resource/Facebook,_Inc.",0.9142857142857141
Netflix,Netflix,http://dbpedia.org/resource/Netflix,1.0
Spotify,Spotify,http://dbpedia.org/resource/Spotify,1.0
Amazon,Amazon.com,http://dbpedia.org/resource/Amazon.com,0.92
Google,Google,http://dbpedia.org/resource/Google,1.0
Discover Weekly,,,0
Recommender Systems,,,0
Institute of Technology,Georgia Institute of Technology,http://dbpedia.org/resource/Georgia_Institute_of_Technology,0.7835437120149603
Recommender Systems,,,0
cognos,Cognos,http://dbpedia.org/resource/Cognos,0.888888888888889
University of Nottingham,University of Nottingham,http://dbpedia.org/resource/University_of_Nottingham,1.0
Accreditation Council for Continuing Medical Education,,,0
"Credit
OHSU School of Medicine",,,0
"Accreditation
Oregon Health & Science University School of Medicine",,,0
Division of CME,,,0
pirelli tyre,Pirelli,http://dbpedia.org/resource/Pirelli,0.7857142857142857
kaggle,Kaggle,http://dbpedia.org/resource/Kaggle,0.888888888888889
Building Retail Recommender Systems,,,0
Pirelli,Pirelli,http://dbpedia.org/resource/Pirelli,1.0
Barclays,Barclays,http://dbpedia.org/resource/Barclays,1.0
Cisco,Cisco Systems,http://dbpedia.org/resource/Cisco_Systems,0.8769230769230769
Cisco,Cisco College,http://dbpedia.org/resource/Cisco_College,0.8769230769230769
Teradata,Teradata,http://dbpedia.org/resource/Teradata,1.0
Inteligencia de Negocio,,,0
Big Data Course-Spring Unit,,,0
Recommender Systems,,,0
Oracle,Oracle Hyperion,http://dbpedia.org/resource/Oracle_Hyperion,0.88
Oracle,Oracle Hyperion,http://dbpedia.org/resource/Oracle_Hyperion,0.88
Database Information Retrieval Systems,,,0
Instagram,Instagram,http://dbpedia.org/resource/Instagram,1.0
UpSkill,,,0
DIFFERENCE,Days Difference,http://dbpedia.org/resource/Days_Difference,0.45
Google,Google,http://dbpedia.org/resource/Google,1.0
Facebook,"Facebook, Inc.","http://dbpedia.org/resource/Facebook,_Inc.",0.9142857142857141
Coaching Centre for Information Technology,,,0
MCA,MCA Inc.,http://dbpedia.org/resource/MCA_Inc.,0.8541666666666666
Multimedia Retrieval,,,0
Microsoft,Microsoft,http://dbpedia.org/resource/Microsoft,1.0
Netflix,Netflix,http://dbpedia.org/resource/Netflix,1.0
kaggle,Kaggle,http://dbpedia.org/resource/Kaggle,0.888888888888889
Vectorization Low Rank Matrix Factorization Recommender Systems,,,0
Recommender Systems,,,0
Twitter,Twitter,http://dbpedia.org/resource/Twitter,1.0
LINKEDIN,LinkedIn,http://dbpedia.org/resource/LinkedIn,0.55
LG,LG Corp,http://dbpedia.org/resource/LG_Corp,0.8095238095238095
Hybrid Recommendation Systems,,,0
UNIVERSIDAD TÉCNICA,Universidad Técnica Particular de Loja,http://dbpedia.org/resource/Universidad_T%C3%A9cnica_Particular_de_Loja,0.4710526315789474
Oracle,Oracle Hyperion,http://dbpedia.org/resource/Oracle_Hyperion,0.88
Netflix,Netflix,http://dbpedia.org/resource/Netflix,1.0
Youtube,YouTube,http://dbpedia.org/resource/YouTube,0.9333333333333333
Amazon,Amazon.com,http://dbpedia.org/resource/Amazon.com,0.92
Distinguished McKnight University,,,0
Informatics,National Informatics Centre,http://dbpedia.org/resource/National_Informatics_Centre,0.6812570145903478
SIGCHI Academy,,,0
Net Perceptions Inc.,,,0
He co,,,0
MIT Press,,,0
MIT,MIT Sloan School of Management,http://dbpedia.org/resource/MIT_Sloan_School_of_Management,0.79
Computer Sciences,Computer Sciences Corporation,http://dbpedia.org/resource/Computer_Sciences_Corporation,0.9172413793103448
ACM SIGCHI Academy,,,0
Association for Psychological Science,Association for Psychological Science,http://dbpedia.org/resource/Association_for_Psychological_Science,1.0
Amazon.com,Amazon.com,http://dbpedia.org/resource/Amazon.com,1.0
Department of Informatics,University of Rijeka Department of Informatics,http://dbpedia.org/resource/University_of_Rijeka_Department_of_Informatics,0.6878260869565216
Bren School of Information,,,0
ACM Council,,,0
School of Information,Australian School of Business,http://dbpedia.org/resource/Australian_School_of_Business,0.5882868089764641
Google,Google,http://dbpedia.org/resource/Google,1.0
GroupLens Collaborative Filtering Recommender Systems,,,0
"University of California, Irvine","University of California, Irvine","http://dbpedia.org/resource/University_of_California,_Irvine",1.0
Microsoft,Microsoft,http://dbpedia.org/resource/Microsoft,1.0
American Psychological Association,American Psychological Association,http://dbpedia.org/resource/American_Psychological_Association,1.0
University of Minnesota,University of Minnesota,http://dbpedia.org/resource/University_of_Minnesota,1.0
the University of Michigan,University of Michigan,http://dbpedia.org/resource/University_of_Michigan,0.8426573426573426
Recommender Systems,,,0
LG,LG Corp,http://dbpedia.org/resource/LG_Corp,0.8095238095238095
Hybrid Recommender Systems,,,0
Neural Networks,,,0
Recommender Systems,,,0
Recommender Systems,,,0
Xiang Li,,,0
Han Li,,,0
Guozheng Li,,,0
Recommender Systems,,,0
LEARNING TREE,,,0
Alibaba Group,Alibaba Group,http://dbpedia.org/resource/Alibaba_Group,1.0
Microsoft,Microsoft,http://dbpedia.org/resource/Microsoft,1.0
SAP,SAP AG,http://dbpedia.org/resource/SAP_AG,0.8833333333333333
SAP,SAP FC,http://dbpedia.org/resource/SAP_FC,0.8833333333333333
Oracle,Oracle Hyperion,http://dbpedia.org/resource/Oracle_Hyperion,0.88
European Union,European Union Military Staff,http://dbpedia.org/resource/European_Union_Military_Staff,0.896551724137931
Delft University of Technology,Delft University of Technology,http://dbpedia.org/resource/Delft_University_of_Technology,1.0
Ankur,Ankur Group,http://dbpedia.org/resource/Ankur_Group,0.8909090909090909
Multimedia Information,,,0
Multimedia Computing,,,0
MySQL,MySQL AB,http://dbpedia.org/resource/MySQL_AB,0.925
Teknologi Informasi/ Sistem Informasi Universitas Stikubank,,,0
Inteligencia de Negocios,,,0
Language Processing Systems,,,0
Legal Intelligence,,,0
Recommender Systems,,,0
ASP.Net,,,0
Nokia,Nokia,http://dbpedia.org/resource/Nokia,1.0
MyMediaLite,,,0
British Telecom,BT Group,http://dbpedia.org/resource/BT_Group,0.4725
BBC,BBC,http://dbpedia.org/resource/BBC,1.0
Microsoft,Microsoft,http://dbpedia.org/resource/Microsoft,1.0
MICROSOFT,Microsoft Research,http://dbpedia.org/resource/Microsoft_Research,0.5
FaceBook,"Facebook, Inc.","http://dbpedia.org/resource/Facebook,_Inc.",0.875
Netflix,Netflix,http://dbpedia.org/resource/Netflix,1.0
Tepper School of Business,Tepper School of Business,http://dbpedia.org/resource/Tepper_School_of_Business,1.0
Carnegie Mellon University,Carnegie Mellon University,http://dbpedia.org/resource/Carnegie_Mellon_University,1.0
Royal Mail,Royal Mail,http://dbpedia.org/resource/Royal_Mail,1.0
AVIVA,Aviva Group Ireland Aviva Health Insurance Ireland Limited 1,http://dbpedia.org/resource/Aviva_Group_Ireland__Aviva_Health_Insurance_Ireland_Limited__1,0.595
British Airways,British Airways,http://dbpedia.org/resource/British_Airways,1.0
University of Oxford,University of Oxford,http://dbpedia.org/resource/University_of_Oxford,1.0
IBM,IBM,http://dbpedia.org/resource/IBM,1.0
Recommender Systems,,,0
Microsoft,Microsoft,http://dbpedia.org/resource/Microsoft,1.0
University of Freiburg,University of Freiburg,http://dbpedia.org/resource/University_of_Freiburg,1.0
Oracle,Oracle Hyperion,http://dbpedia.org/resource/Oracle_Hyperion,0.88
Simba Technologies Inc.,,,0
cognos,Cognos,http://dbpedia.org/resource/Cognos,0.888888888888889
MDX,Miami-Dade Expressway Authority,http://dbpedia.org/resource/Miami-Dade_Expressway_Authority,0.6193548387096774
Socrata Inc.,,,0
